accuracy,transparency
0.6839914881826132,0.3610533360323398
0.682605443282568,0.5599445211403659
0.6805264007433359,0.9999999306999356
0.6819123962517191,0.7373526862541451
